SIDO,SIGUNGU,SEX_GB,AGE_GB,POPU_NUM,popu_per
경기도,,남,0,607414,0.091
경기도,,남,10,698188,0.105
경기도,,남,20,931439,0.14
경기도,,남,30,988359,0.148
경기도,,남,40,1163371,0.175
경기도,,남,50,1115137,0.167
경기도,,남,60,694626,0.104
경기도,,남,70,332647,0.05
경기도,,남,80,128814,0.019
경기도,,남,전체,6659995,1
경기도,,여,0,577576,0.088
경기도,,여,10,657274,0.1
경기도,,여,20,839256,0.128
경기도,,여,30,937468,0.142
경기도,,여,40,1126827,0.171
경기도,,여,50,1083691,0.165
경기도,,여,60,704746,0.107
경기도,,여,70,404625,0.061
경기도,,여,80,248208,0.038
경기도,,여,전체,6579671,1
경기도,,전체,0,1184990,0.09
경기도,,전체,10,1355462,0.102
경기도,,전체,20,1770695,0.134
경기도,,전체,30,1925827,0.145
경기도,,전체,40,2290198,0.173
경기도,,전체,50,2198828,0.166
경기도,,전체,60,1399372,0.106
경기도,,전체,70,737272,0.056
경기도,,전체,80,377022,0.028
경기도,,전체,전체,13239666,1
경기도,가평군,남,0,1796,0.056
경기도,가평군,남,10,2567,0.08
경기도,가평군,남,20,3490,0.109
경기도,가평군,남,30,3205,0.1
경기도,가평군,남,40,4381,0.137
경기도,가평군,남,50,6148,0.192
경기도,가평군,남,60,5793,0.181
경기도,가평군,남,70,3189,0.1
경기도,가평군,남,80,1473,0.046
경기도,가평군,남,전체,32042,1
경기도,가평군,여,0,1811,0.06
경기도,가평군,여,10,2290,0.075
경기도,가평군,여,20,2684,0.088
경기도,가평군,여,30,2787,0.092
경기도,가평군,여,40,3716,0.122
경기도,가평군,여,50,5520,0.182
경기도,가평군,여,60,5416,0.178
경기도,가평군,여,70,3604,0.119
경기도,가평군,여,80,2545,0.084
경기도,가평군,여,전체,30373,1
경기도,가평군,전체,0,3607,0.058
경기도,가평군,전체,10,4857,0.078
경기도,가평군,전체,20,6174,0.099
경기도,가평군,전체,30,5992,0.096
경기도,가평군,전체,40,8097,0.13
경기도,가평군,전체,50,11668,0.187
경기도,가평군,전체,60,11209,0.18
경기도,가평군,전체,70,6793,0.109
경기도,가평군,전체,80,4018,0.064
경기도,가평군,전체,전체,62415,1
경기도,고양시,남,0,43244,0.083
경기도,고양시,남,10,56024,0.107
경기도,고양시,남,20,76552,0.146
경기도,고양시,남,30,69908,0.134
경기도,고양시,남,40,89771,0.172
경기도,고양시,남,50,94680,0.181
경기도,고양시,남,60,54710,0.105
경기도,고양시,남,70,25573,0.049
경기도,고양시,남,80,12287,0.024
경기도,고양시,남,전체,522749,1
경기도,고양시,여,0,41569,0.076
경기도,고양시,여,10,52976,0.097
경기도,고양시,여,20,73128,0.135
경기도,고양시,여,30,71709,0.132
경기도,고양시,여,40,95749,0.176
경기도,고양시,여,50,96443,0.177
경기도,고양시,여,60,54273,0.1
경기도,고양시,여,70,34696,0.064
경기도,고양시,여,80,23059,0.042
경기도,고양시,여,전체,543602,1
경기도,고양시,전체,0,84813,0.08
경기도,고양시,전체,10,109000,0.102
경기도,고양시,전체,20,149680,0.14
경기도,고양시,전체,30,141617,0.133
경기도,고양시,전체,40,185520,0.174
경기도,고양시,전체,50,191123,0.179
경기도,고양시,전체,60,108983,0.102
경기도,고양시,전체,70,60269,0.057
경기도,고양시,전체,80,35346,0.033
경기도,고양시,전체,전체,1066351,1
경기도,고양시 덕양구,남,0,19801,0.086
경기도,고양시 덕양구,남,10,21820,0.095
경기도,고양시 덕양구,남,20,32198,0.139
경기도,고양시 덕양구,남,30,33427,0.145
경기도,고양시 덕양구,남,40,39392,0.171
경기도,고양시 덕양구,남,50,40536,0.176
경기도,고양시 덕양구,남,60,25471,0.11
경기도,고양시 덕양구,남,70,12689,0.055
경기도,고양시 덕양구,남,80,5524,0.024
경기도,고양시 덕양구,남,전체,230858,1
경기도,고양시 덕양구,여,0,19062,0.081
경기도,고양시 덕양구,여,10,20737,0.088
경기도,고양시 덕양구,여,20,30090,0.128
경기도,고양시 덕양구,여,30,32777,0.139
경기도,고양시 덕양구,여,40,38966,0.166
경기도,고양시 덕양구,여,50,40668,0.173
경기도,고양시 덕양구,여,60,25891,0.11
경기도,고양시 덕양구,여,70,16770,0.071
경기도,고양시 덕양구,여,80,10338,0.044
경기도,고양시 덕양구,여,전체,235299,1
경기도,고양시 덕양구,전체,0,38863,0.083
경기도,고양시 덕양구,전체,10,42557,0.091
경기도,고양시 덕양구,전체,20,62288,0.134
경기도,고양시 덕양구,전체,30,66204,0.142
경기도,고양시 덕양구,전체,40,78358,0.168
경기도,고양시 덕양구,전체,50,81204,0.174
경기도,고양시 덕양구,전체,60,51362,0.11
경기도,고양시 덕양구,전체,70,29459,0.063
경기도,고양시 덕양구,전체,80,15862,0.034
경기도,고양시 덕양구,전체,전체,466157,1
경기도,고양시 일산동구,남,0,11205,0.077
경기도,고양시 일산동구,남,10,15971,0.11
경기도,고양시 일산동구,남,20,22434,0.155
경기도,고양시 일산동구,남,30,18649,0.129
경기도,고양시 일산동구,남,40,25045,0.173
경기도,고양시 일산동구,남,50,26960,0.186
경기도,고양시 일산동구,남,60,15020,0.104
경기도,고양시 일산동구,남,70,6411,0.044
경기도,고양시 일산동구,남,80,3296,0.023
경기도,고양시 일산동구,남,전체,144991,1
경기도,고양시 일산동구,여,0,10652,0.07
경기도,고양시 일산동구,여,10,14901,0.098
경기도,고양시 일산동구,여,20,22068,0.145
경기도,고양시 일산동구,여,30,19914,0.13
경기도,고양시 일산동구,여,40,27810,0.182
경기도,고양시 일산동구,여,50,27853,0.182
경기도,고양시 일산동구,여,60,14463,0.095
경기도,고양시 일산동구,여,70,8763,0.057
경기도,고양시 일산동구,여,80,6256,0.041
경기도,고양시 일산동구,여,전체,152680,1
경기도,고양시 일산동구,전체,0,21857,0.073
경기도,고양시 일산동구,전체,10,30872,0.104
경기도,고양시 일산동구,전체,20,44502,0.15
경기도,고양시 일산동구,전체,30,38563,0.13
경기도,고양시 일산동구,전체,40,52855,0.178
경기도,고양시 일산동구,전체,50,54813,0.184
경기도,고양시 일산동구,전체,60,29483,0.099
경기도,고양시 일산동구,전체,70,15174,0.051
경기도,고양시 일산동구,전체,80,9552,0.032
경기도,고양시 일산동구,전체,전체,297671,1
경기도,고양시 일산서구,남,0,12238,0.083
경기도,고양시 일산서구,남,10,18233,0.124
경기도,고양시 일산서구,남,20,21920,0.149
경기도,고양시 일산서구,남,30,17832,0.121
경기도,고양시 일산서구,남,40,25334,0.172
경기도,고양시 일산서구,남,50,27184,0.185
경기도,고양시 일산서구,남,60,14219,0.097
경기도,고양시 일산서구,남,70,6473,0.044
경기도,고양시 일산서구,남,80,3467,0.024
경기도,고양시 일산서구,남,전체,146900,1
경기도,고양시 일산서구,여,0,11855,0.076
경기도,고양시 일산서구,여,10,17338,0.111
경기도,고양시 일산서구,여,20,20970,0.135
경기도,고양시 일산서구,여,30,19018,0.122
경기도,고양시 일산서구,여,40,28973,0.186
경기도,고양시 일산서구,여,50,27922,0.179
경기도,고양시 일산서구,여,60,13919,0.089
경기도,고양시 일산서구,여,70,9163,0.059
경기도,고양시 일산서구,여,80,6465,0.042
경기도,고양시 일산서구,여,전체,155623,1
경기도,고양시 일산서구,전체,0,24093,0.08
경기도,고양시 일산서구,전체,10,35571,0.118
경기도,고양시 일산서구,전체,20,42890,0.142
경기도,고양시 일산서구,전체,30,36850,0.122
경기도,고양시 일산서구,전체,40,54307,0.18
경기도,고양시 일산서구,전체,50,55106,0.182
경기도,고양시 일산서구,전체,60,28138,0.093
경기도,고양시 일산서구,전체,70,15636,0.052
경기도,고양시 일산서구,전체,80,9932,0.033
경기도,고양시 일산서구,전체,전체,302523,1
경기도,과천시,남,0,2374,0.083
경기도,과천시,남,10,3302,0.115
경기도,과천시,남,20,4239,0.148
경기도,과천시,남,30,3955,0.138
경기도,과천시,남,40,4353,0.152
경기도,과천시,남,50,5021,0.175
경기도,과천시,남,60,3189,0.111
경기도,과천시,남,70,1498,0.052
경기도,과천시,남,80,707,0.025
경기도,과천시,남,전체,28638,1
경기도,과천시,여,0,2133,0.072
경기도,과천시,여,10,3064,0.103
경기도,과천시,여,20,3784,0.128
경기도,과천시,여,30,3851,0.13
경기도,과천시,여,40,4856,0.164
경기도,과천시,여,50,5257,0.177
경기도,과천시,여,60,3309,0.112
경기도,과천시,여,70,1959,0.066
경기도,과천시,여,80,1438,0.048
경기도,과천시,여,전체,29651,1
경기도,과천시,전체,0,4507,0.077
경기도,과천시,전체,10,6366,0.109
경기도,과천시,전체,20,8023,0.138
경기도,과천시,전체,30,7806,0.134
경기도,과천시,전체,40,9209,0.158
경기도,과천시,전체,50,10278,0.176
경기도,과천시,전체,60,6498,0.111
경기도,과천시,전체,70,3457,0.059
경기도,과천시,전체,80,2145,0.037
경기도,과천시,전체,전체,58289,1
경기도,광명시,남,0,13175,0.084
경기도,광명시,남,10,17032,0.109
경기도,광명시,남,20,21453,0.137
경기도,광명시,남,30,22877,0.146
경기도,광명시,남,40,27252,0.174
경기도,광명시,남,50,26069,0.167
경기도,광명시,남,60,17737,0.113
경기도,광명시,남,70,8089,0.052
경기도,광명시,남,80,2721,0.017
경기도,광명시,남,전체,156405,1
경기도,광명시,여,0,12549,0.078
경기도,광명시,여,10,16031,0.1
경기도,광명시,여,20,19497,0.122
경기도,광명시,여,30,22350,0.14
경기도,광명시,여,40,27758,0.173
경기도,광명시,여,50,26504,0.165
경기도,광명시,여,60,19391,0.121
경기도,광명시,여,70,10089,0.063
경기도,광명시,여,80,5978,0.037
경기도,광명시,여,전체,160147,1
경기도,광명시,전체,0,25724,0.081
경기도,광명시,전체,10,33063,0.104
경기도,광명시,전체,20,40950,0.129
경기도,광명시,전체,30,45227,0.143
경기도,광명시,전체,40,55010,0.174
경기도,광명시,전체,50,52573,0.166
경기도,광명시,전체,60,37128,0.117
경기도,광명시,전체,70,18178,0.057
경기도,광명시,전체,80,8699,0.027
경기도,광명시,전체,전체,316552,1
경기도,광주시,남,0,18624,0.098
경기도,광주시,남,10,17199,0.09
경기도,광주시,남,20,23145,0.121
경기도,광주시,남,30,31254,0.164
경기도,광주시,남,40,34251,0.18
경기도,광주시,남,50,31304,0.164
경기도,광주시,남,60,21896,0.115
경기도,광주시,남,70,10017,0.053
경기도,광주시,남,80,3084,0.016
경기도,광주시,남,전체,190774,1
경기도,광주시,여,0,17599,0.097
경기도,광주시,여,10,16378,0.09
경기도,광주시,여,20,20740,0.114
경기도,광주시,여,30,28576,0.157
경기도,광주시,여,40,30292,0.167
경기도,광주시,여,50,30216,0.166
경기도,광주시,여,60,21662,0.119
경기도,광주시,여,70,10711,0.059
경기도,광주시,여,80,5706,0.031
경기도,광주시,여,전체,181880,1
경기도,광주시,전체,0,36223,0.097
경기도,광주시,전체,10,33577,0.09
경기도,광주시,전체,20,43885,0.118
경기도,광주시,전체,30,59830,0.161
경기도,광주시,전체,40,64543,0.173
경기도,광주시,전체,50,61520,0.165
경기도,광주시,전체,60,43558,0.117
경기도,광주시,전체,70,20728,0.056
경기도,광주시,전체,80,8790,0.024
경기도,광주시,전체,전체,372654,1
경기도,구리시,남,0,8446,0.085
경기도,구리시,남,10,9892,0.1
경기도,구리시,남,20,14066,0.142
경기도,구리시,남,30,13929,0.141
경기도,구리시,남,40,16698,0.169
경기도,구리시,남,50,17694,0.179
경기도,구리시,남,60,11366,0.115
경기도,구리시,남,70,5054,0.051
경기도,구리시,남,80,1823,0.018
경기도,구리시,남,전체,98968,1
경기도,구리시,여,0,7899,0.079
경기도,구리시,여,10,9224,0.092
경기도,구리시,여,20,13439,0.134
경기도,구리시,여,30,13649,0.136
경기도,구리시,여,40,16905,0.169
경기도,구리시,여,50,18211,0.182
경기도,구리시,여,60,11217,0.112
경기도,구리시,여,70,6345,0.063
경기도,구리시,여,80,3408,0.034
경기도,구리시,여,전체,100297,1
경기도,구리시,전체,0,16345,0.082
경기도,구리시,전체,10,19116,0.096
경기도,구리시,전체,20,27505,0.138
경기도,구리시,전체,30,27578,0.138
경기도,구리시,전체,40,33603,0.169
경기도,구리시,전체,50,35905,0.18
경기도,구리시,전체,60,22583,0.113
경기도,구리시,전체,70,11399,0.057
경기도,구리시,전체,80,5231,0.026
경기도,구리시,전체,전체,199265,1
경기도,군포시,남,0,11620,0.085
경기도,군포시,남,10,14407,0.105
경기도,군포시,남,20,19951,0.146
경기도,군포시,남,30,20539,0.15
경기도,군포시,남,40,22471,0.164
경기도,군포시,남,50,23637,0.173
경기도,군포시,남,60,14999,0.11
경기도,군포시,남,70,6434,0.047
경기도,군포시,남,80,2820,0.021
경기도,군포시,남,전체,136878,1
경기도,군포시,여,0,10982,0.079
경기도,군포시,여,10,13662,0.098
경기도,군포시,여,20,18263,0.131
경기도,군포시,여,30,19338,0.139
경기도,군포시,여,40,23289,0.168
경기도,군포시,여,50,24679,0.178
경기도,군포시,여,60,15213,0.109
경기도,군포시,여,70,8102,0.058
경기도,군포시,여,80,5446,0.039
경기도,군포시,여,전체,138974,1
경기도,군포시,전체,0,22602,0.082
경기도,군포시,전체,10,28069,0.102
경기도,군포시,전체,20,38214,0.139
경기도,군포시,전체,30,39877,0.145
경기도,군포시,전체,40,45760,0.166
경기도,군포시,전체,50,48316,0.175
경기도,군포시,전체,60,30212,0.11
경기도,군포시,전체,70,14536,0.053
경기도,군포시,전체,80,8266,0.03
경기도,군포시,전체,전체,275852,1
경기도,김포시,남,0,26669,0.121
경기도,김포시,남,10,22878,0.104
경기도,김포시,남,20,24721,0.113
경기도,김포시,남,30,34835,0.159
경기도,김포시,남,40,41906,0.191
경기도,김포시,남,50,32217,0.147
경기도,김포시,남,60,21262,0.097
경기도,김포시,남,70,11163,0.051
경기도,김포시,남,80,3901,0.018
경기도,김포시,남,전체,219552,1
경기도,김포시,여,0,25402,0.117
경기도,김포시,여,10,21919,0.101
경기도,김포시,여,20,22701,0.104
경기도,김포시,여,30,36299,0.167
경기도,김포시,여,40,38452,0.177
경기도,김포시,여,50,30527,0.14
경기도,김포시,여,60,22595,0.104
경기도,김포시,여,70,12723,0.058
경기도,김포시,여,80,7051,0.032
경기도,김포시,여,전체,217669,1
경기도,김포시,전체,0,52071,0.119
경기도,김포시,전체,10,44797,0.102
경기도,김포시,전체,20,47422,0.108
경기도,김포시,전체,30,71134,0.163
경기도,김포시,전체,40,80358,0.184
경기도,김포시,전체,50,62744,0.144
경기도,김포시,전체,60,43857,0.1
경기도,김포시,전체,70,23886,0.055
경기도,김포시,전체,80,10952,0.025
경기도,김포시,전체,전체,437221,1
경기도,남양주시,남,0,34744,0.099
경기도,남양주시,남,10,40078,0.115
경기도,남양주시,남,20,43022,0.123
경기도,남양주시,남,30,45191,0.129
경기도,남양주시,남,40,65075,0.186
경기도,남양주시,남,50,58022,0.166
경기도,남양주시,남,60,37100,0.106
경기도,남양주시,남,70,19545,0.056
경기도,남양주시,남,80,6887,0.02
경기도,남양주시,남,전체,349664,1
경기도,남양주시,여,0,32833,0.093
경기도,남양주시,여,10,37747,0.107
경기도,남양주시,여,20,39706,0.113
경기도,남양주시,여,30,47065,0.134
경기도,남양주시,여,40,63793,0.181
경기도,남양주시,여,50,55737,0.158
경기도,남양주시,여,60,39244,0.111
경기도,남양주시,여,70,23317,0.066
경기도,남양주시,여,80,12724,0.036
경기도,남양주시,여,전체,352166,1
경기도,남양주시,전체,0,67577,0.096
경기도,남양주시,전체,10,77825,0.111
경기도,남양주시,전체,20,82728,0.118
경기도,남양주시,전체,30,92256,0.131
경기도,남양주시,전체,40,128868,0.184
경기도,남양주시,전체,50,113759,0.162
경기도,남양주시,전체,60,76344,0.109
경기도,남양주시,전체,70,42862,0.061
경기도,남양주시,전체,80,19611,0.028
경기도,남양주시,전체,전체,701830,1
경기도,동두천시,남,0,3591,0.076
경기도,동두천시,남,10,4535,0.096
경기도,동두천시,남,20,6132,0.13
경기도,동두천시,남,30,5439,0.115
경기도,동두천시,남,40,7709,0.163
경기도,동두천시,남,50,8603,0.182
경기도,동두천시,남,60,6006,0.127
경기도,동두천시,남,70,3630,0.077
경기도,동두천시,남,80,1663,0.035
경기도,동두천시,남,전체,47308,1
경기도,동두천시,여,0,3331,0.07
경기도,동두천시,여,10,4470,0.094
경기도,동두천시,여,20,5069,0.107
경기도,동두천시,여,30,5194,0.109
경기도,동두천시,여,40,7230,0.152
경기도,동두천시,여,50,7714,0.163
경기도,동두천시,여,60,6339,0.134
경기도,동두천시,여,70,5094,0.107
경기도,동두천시,여,80,3019,0.064
경기도,동두천시,여,전체,47460,1
경기도,동두천시,전체,0,6922,0.073
경기도,동두천시,전체,10,9005,0.095
경기도,동두천시,전체,20,11201,0.118
경기도,동두천시,전체,30,10633,0.112
경기도,동두천시,전체,40,14939,0.158
경기도,동두천시,전체,50,16317,0.172
경기도,동두천시,전체,60,12345,0.13
경기도,동두천시,전체,70,8724,0.092
경기도,동두천시,전체,80,4682,0.049
경기도,동두천시,전체,전체,94768,1
경기도,부천시,남,0,31753,0.077
경기도,부천시,남,10,38364,0.093
경기도,부천시,남,20,61845,0.15
경기도,부천시,남,30,62101,0.151
경기도,부천시,남,40,66997,0.162
경기도,부천시,남,50,73586,0.178
경기도,부천시,남,60,50737,0.123
경기도,부천시,남,70,20329,0.049
경기도,부천시,남,80,6788,0.016
경기도,부천시,남,전체,412500,1
경기도,부천시,여,0,30245,0.072
경기도,부천시,여,10,36193,0.087
경기도,부천시,여,20,57902,0.139
경기도,부천시,여,30,59125,0.142
경기도,부천시,여,40,65974,0.158
경기도,부천시,여,50,77411,0.185
경기도,부천시,여,60,51385,0.123
경기도,부천시,여,70,24169,0.058
경기도,부천시,여,80,15092,0.036
경기도,부천시,여,전체,417496,1
경기도,부천시,전체,0,61998,0.075
경기도,부천시,전체,10,74557,0.09
경기도,부천시,전체,20,119747,0.144
경기도,부천시,전체,30,121226,0.146
경기도,부천시,전체,40,132971,0.16
경기도,부천시,전체,50,150997,0.182
경기도,부천시,전체,60,102122,0.123
경기도,부천시,전체,70,44498,0.054
경기도,부천시,전체,80,21880,0.026
경기도,부천시,전체,전체,829996,1
경기도,성남시,남,0,36902,0.079
경기도,성남시,남,10,46847,0.1
경기도,성남시,남,20,67916,0.146
경기도,성남시,남,30,70467,0.151
경기도,성남시,남,40,79349,0.17
경기도,성남시,남,50,77825,0.167
경기도,성남시,남,60,52306,0.112
경기도,성남시,남,70,25392,0.054
경기도,성남시,남,80,9640,0.021
경기도,성남시,남,전체,466644,1
경기도,성남시,여,0,35103,0.074
경기도,성남시,여,10,44412,0.093
경기도,성남시,여,20,64471,0.135
경기도,성남시,여,30,69101,0.145
경기도,성남시,여,40,80961,0.17
경기도,성남시,여,50,78583,0.165
경기도,성남시,여,60,54208,0.114
경기도,성남시,여,70,30935,0.065
경기도,성남시,여,80,18306,0.038
경기도,성남시,여,전체,476080,1
경기도,성남시,전체,0,72005,0.076
경기도,성남시,전체,10,91259,0.097
경기도,성남시,전체,20,132387,0.14
경기도,성남시,전체,30,139568,0.148
경기도,성남시,전체,40,160310,0.17
경기도,성남시,전체,50,156408,0.166
경기도,성남시,전체,60,106514,0.113
경기도,성남시,전체,70,56327,0.06
경기도,성남시,전체,80,27946,0.03
경기도,성남시,전체,전체,942724,1
경기도,성남시 분당구,남,0,21395,0.09
경기도,성남시 분당구,남,10,28471,0.12
경기도,성남시 분당구,남,20,33650,0.142
경기도,성남시 분당구,남,30,34715,0.147
경기도,성남시 분당구,남,40,41409,0.175
경기도,성남시 분당구,남,50,37335,0.158
경기도,성남시 분당구,남,60,23052,0.097
경기도,성남시 분당구,남,70,11286,0.048
경기도,성남시 분당구,남,80,5256,0.022
경기도,성남시 분당구,남,전체,236569,1
경기도,성남시 분당구,여,0,20290,0.081
경기도,성남시 분당구,여,10,27100,0.108
경기도,성남시 분당구,여,20,33332,0.133
경기도,성남시 분당구,여,30,37638,0.15
경기도,성남시 분당구,여,40,47189,0.188
경기도,성남시 분당구,여,50,38785,0.154
경기도,성남시 분당구,여,60,23773,0.095
경기도,성남시 분당구,여,70,13890,0.055
경기도,성남시 분당구,여,80,9439,0.038
경기도,성남시 분당구,여,전체,251436,1
경기도,성남시 분당구,전체,0,41685,0.085
경기도,성남시 분당구,전체,10,55571,0.114
경기도,성남시 분당구,전체,20,66982,0.137
경기도,성남시 분당구,전체,30,72353,0.148
경기도,성남시 분당구,전체,40,88598,0.182
경기도,성남시 분당구,전체,50,76120,0.156
경기도,성남시 분당구,전체,60,46825,0.096
경기도,성남시 분당구,전체,70,25176,0.052
경기도,성남시 분당구,전체,80,14695,0.03
경기도,성남시 분당구,전체,전체,488005,1
경기도,성남시 수정구,남,0,8134,0.069
경기도,성남시 수정구,남,10,9219,0.078
경기도,성남시 수정구,남,20,17780,0.15
경기도,성남시 수정구,남,30,18622,0.157
경기도,성남시 수정구,남,40,19787,0.167
경기도,성남시 수정구,남,50,20500,0.173
경기도,성남시 수정구,남,60,14886,0.125
경기도,성남시 수정구,남,70,7387,0.062
경기도,성남시 수정구,남,80,2316,0.02
경기도,성남시 수정구,남,전체,118631,1
경기도,성남시 수정구,여,0,7940,0.068
경기도,성남시 수정구,여,10,8640,0.074
경기도,성남시 수정구,여,20,16097,0.139
경기도,성남시 수정구,여,30,16479,0.142
경기도,성남시 수정구,여,40,17514,0.151
경기도,성남시 수정구,여,50,19954,0.172
경기도,성남시 수정구,여,60,15861,0.137
경기도,성남시 수정구,여,70,8980,0.077
경기도,성남시 수정구,여,80,4582,0.039
경기도,성남시 수정구,여,전체,116047,1
경기도,성남시 수정구,전체,0,16074,0.068
경기도,성남시 수정구,전체,10,17859,0.076
경기도,성남시 수정구,전체,20,33877,0.144
경기도,성남시 수정구,전체,30,35101,0.15
경기도,성남시 수정구,전체,40,37301,0.159
경기도,성남시 수정구,전체,50,40454,0.172
경기도,성남시 수정구,전체,60,30747,0.131
경기도,성남시 수정구,전체,70,16367,0.07
경기도,성남시 수정구,전체,80,6898,0.029
경기도,성남시 수정구,전체,전체,234678,1
경기도,성남시 중원구,남,0,7373,0.066
경기도,성남시 중원구,남,10,9157,0.082
경기도,성남시 중원구,남,20,16486,0.148
경기도,성남시 중원구,남,30,17130,0.154
경기도,성남시 중원구,남,40,18153,0.163
경기도,성남시 중원구,남,50,19990,0.179
경기도,성남시 중원구,남,60,14368,0.129
경기도,성남시 중원구,남,70,6719,0.06
경기도,성남시 중원구,남,80,2068,0.019
경기도,성남시 중원구,남,전체,111444,1
경기도,성남시 중원구,여,0,6873,0.063
경기도,성남시 중원구,여,10,8672,0.08
경기도,성남시 중원구,여,20,15042,0.139
경기도,성남시 중원구,여,30,14984,0.138
경기도,성남시 중원구,여,40,16258,0.15
경기도,성남시 중원구,여,50,19844,0.183
경기도,성남시 중원구,여,60,14574,0.134
경기도,성남시 중원구,여,70,8065,0.074
경기도,성남시 중원구,여,80,4285,0.039
경기도,성남시 중원구,여,전체,108597,1
경기도,성남시 중원구,전체,0,14246,0.065
경기도,성남시 중원구,전체,10,17829,0.081
경기도,성남시 중원구,전체,20,31528,0.143
경기도,성남시 중원구,전체,30,32114,0.146
경기도,성남시 중원구,전체,40,34411,0.156
경기도,성남시 중원구,전체,50,39834,0.181
경기도,성남시 중원구,전체,60,28942,0.132
경기도,성남시 중원구,전체,70,14784,0.067
경기도,성남시 중원구,전체,80,6353,0.029
경기도,성남시 중원구,전체,전체,220041,1
경기도,수원시,남,0,53806,0.089
경기도,수원시,남,10,64143,0.107
경기도,수원시,남,20,98428,0.164
경기도,수원시,남,30,95743,0.159
경기도,수원시,남,40,103709,0.172
경기도,수원시,남,50,97887,0.163
경기도,수원시,남,60,54367,0.09
경기도,수원시,남,70,24274,0.04
경기도,수원시,남,80,9053,0.015
경기도,수원시,남,전체,601410,1
경기도,수원시,여,0,50499,0.085
경기도,수원시,여,10,59747,0.101
경기도,수원시,여,20,88183,0.149
경기도,수원시,여,30,89375,0.151
경기도,수원시,여,40,102264,0.172
경기도,수원시,여,50,98043,0.165
경기도,수원시,여,60,56083,0.095
경기도,수원시,여,70,30320,0.051
경기도,수원시,여,80,18541,0.031
경기도,수원시,여,전체,593055,1
경기도,수원시,전체,0,104305,0.087
경기도,수원시,전체,10,123890,0.104
경기도,수원시,전체,20,186611,0.156
경기도,수원시,전체,30,185118,0.155
경기도,수원시,전체,40,205973,0.172
경기도,수원시,전체,50,195930,0.164
경기도,수원시,전체,60,110450,0.092
경기도,수원시,전체,70,54594,0.046
경기도,수원시,전체,80,27594,0.023
경기도,수원시,전체,전체,1194465,1
경기도,수원시 권선구,남,0,17825,0.095
경기도,수원시 권선구,남,10,18118,0.097
경기도,수원시 권선구,남,20,28754,0.153
경기도,수원시 권선구,남,30,31879,0.17
경기도,수원시 권선구,남,40,31782,0.169
경기도,수원시 권선구,남,50,30896,0.165
경기도,수원시 권선구,남,60,18006,0.096
경기도,수원시 권선구,남,70,7653,0.041
경기도,수원시 권선구,남,80,2714,0.014
경기도,수원시 권선구,남,전체,187627,1
경기도,수원시 권선구,여,0,16834,0.091
경기도,수원시 권선구,여,10,16682,0.091
경기도,수원시 권선구,여,20,26462,0.144
경기도,수원시 권선구,여,30,29122,0.158
경기도,수원시 권선구,여,40,29930,0.163
경기도,수원시 권선구,여,50,31762,0.173
경기도,수원시 권선구,여,60,18518,0.101
경기도,수원시 권선구,여,70,9202,0.05
경기도,수원시 권선구,여,80,5615,0.03
경기도,수원시 권선구,여,전체,184127,1
경기도,수원시 권선구,전체,0,34659,0.093
경기도,수원시 권선구,전체,10,34800,0.094
경기도,수원시 권선구,전체,20,55216,0.149
경기도,수원시 권선구,전체,30,61001,0.164
경기도,수원시 권선구,전체,40,61712,0.166
경기도,수원시 권선구,전체,50,62658,0.169
경기도,수원시 권선구,전체,60,36524,0.098
경기도,수원시 권선구,전체,70,16855,0.045
경기도,수원시 권선구,전체,80,8329,0.022
경기도,수원시 권선구,전체,전체,371754,1
경기도,수원시 영통구,남,0,20282,0.11
경기도,수원시 영통구,남,10,22435,0.121
경기도,수원시 영통구,남,20,30658,0.166
경기도,수원시 영통구,남,30,32550,0.176
경기도,수원시 영통구,남,40,33875,0.183
경기도,수원시 영통구,남,50,26696,0.144
경기도,수원시 영통구,남,60,12113,0.065
경기도,수원시 영통구,남,70,4732,0.026
경기도,수원시 영통구,남,80,1701,0.009
경기도,수원시 영통구,남,전체,185042,1
경기도,수원시 영통구,여,0,18815,0.103
경기도,수원시 영통구,여,10,21258,0.116
경기도,수원시 영통구,여,20,28178,0.154
경기도,수원시 영통구,여,30,31922,0.174
경기도,수원시 영통구,여,40,34730,0.189
경기도,수원시 영통구,여,50,26402,0.144
경기도,수원시 영통구,여,60,12155,0.066
경기도,수원시 영통구,여,70,6138,0.033
경기도,수원시 영통구,여,80,3828,0.021
경기도,수원시 영통구,여,전체,183426,1
경기도,수원시 영통구,전체,0,39097,0.106
경기도,수원시 영통구,전체,10,43693,0.119
경기도,수원시 영통구,전체,20,58836,0.16
경기도,수원시 영통구,전체,30,64472,0.175
경기도,수원시 영통구,전체,40,68605,0.186
경기도,수원시 영통구,전체,50,53098,0.144
경기도,수원시 영통구,전체,60,24268,0.066
경기도,수원시 영통구,전체,70,10870,0.03
경기도,수원시 영통구,전체,80,5529,0.015
경기도,수원시 영통구,전체,전체,368468,1
경기도,수원시 장안구,남,0,10416,0.074
경기도,수원시 장안구,남,10,16001,0.114
경기도,수원시 장안구,남,20,24256,0.173
경기도,수원시 장안구,남,30,17754,0.127
경기도,수원시 장안구,남,40,23534,0.168
경기도,수원시 장안구,남,50,24644,0.176
경기도,수원시 장안구,남,60,14038,0.1
경기도,수원시 장안구,남,70,6755,0.048
경기도,수원시 장안구,남,80,2820,0.02
경기도,수원시 장안구,남,전체,140218,1
경기도,수원시 장안구,여,0,9676,0.07
경기도,수원시 장안구,여,10,14605,0.106
경기도,수원시 장안구,여,20,20132,0.146
경기도,수원시 장안구,여,30,16569,0.12
경기도,수원시 장안구,여,40,23870,0.173
경기도,수원시 장안구,여,50,24707,0.179
경기도,수원시 장안구,여,60,14497,0.105
경기도,수원시 장안구,여,70,8544,0.062
경기도,수원시 장안구,여,80,5559,0.04
경기도,수원시 장안구,여,전체,138159,1
경기도,수원시 장안구,전체,0,20092,0.072
경기도,수원시 장안구,전체,10,30606,0.11
경기도,수원시 장안구,전체,20,44388,0.159
경기도,수원시 장안구,전체,30,34323,0.123
경기도,수원시 장안구,전체,40,47404,0.17
경기도,수원시 장안구,전체,50,49351,0.177
경기도,수원시 장안구,전체,60,28535,0.103
경기도,수원시 장안구,전체,70,15299,0.055
경기도,수원시 장안구,전체,80,8379,0.03
경기도,수원시 장안구,전체,전체,278377,1
경기도,수원시 팔달구,남,0,5283,0.06
경기도,수원시 팔달구,남,10,7589,0.086
경기도,수원시 팔달구,남,20,14760,0.167
경기도,수원시 팔달구,남,30,13560,0.153
경기도,수원시 팔달구,남,40,14518,0.164
경기도,수원시 팔달구,남,50,15651,0.177
경기도,수원시 팔달구,남,60,10210,0.115
경기도,수원시 팔달구,남,70,5134,0.058
경기도,수원시 팔달구,남,80,1818,0.021
경기도,수원시 팔달구,남,전체,88523,1
경기도,수원시 팔달구,여,0,5174,0.059
경기도,수원시 팔달구,여,10,7202,0.082
경기도,수원시 팔달구,여,20,13411,0.154
경기도,수원시 팔달구,여,30,11762,0.135
경기도,수원시 팔달구,여,40,13734,0.157
경기도,수원시 팔달구,여,50,15172,0.174
경기도,수원시 팔달구,여,60,10913,0.125
경기도,수원시 팔달구,여,70,6436,0.074
경기도,수원시 팔달구,여,80,3539,0.041
경기도,수원시 팔달구,여,전체,87343,1
경기도,수원시 팔달구,전체,0,10457,0.059
경기도,수원시 팔달구,전체,10,14791,0.084
경기도,수원시 팔달구,전체,20,28171,0.16
경기도,수원시 팔달구,전체,30,25322,0.144
경기도,수원시 팔달구,전체,40,28252,0.161
경기도,수원시 팔달구,전체,50,30823,0.175
경기도,수원시 팔달구,전체,60,21123,0.12
경기도,수원시 팔달구,전체,70,11570,0.066
경기도,수원시 팔달구,전체,80,5357,0.03
경기도,수원시 팔달구,전체,전체,175866,1
경기도,시흥시,남,0,23935,0.097
경기도,시흥시,남,10,25770,0.104
경기도,시흥시,남,20,35793,0.144
경기도,시흥시,남,30,39575,0.16
경기도,시흥시,남,40,46190,0.186
경기도,시흥시,남,50,44313,0.179
경기도,시흥시,남,60,21305,0.086
경기도,시흥시,남,70,8041,0.032
경기도,시흥시,남,80,2882,0.012
경기도,시흥시,남,전체,247804,1
경기도,시흥시,여,0,22865,0.101
경기도,시흥시,여,10,24188,0.107
경기도,시흥시,여,20,30234,0.134
경기도,시흥시,여,30,34249,0.152
경기도,시흥시,여,40,40208,0.178
경기도,시흥시,여,50,38721,0.171
경기도,시흥시,여,60,18964,0.084
경기도,시흥시,여,70,9986,0.044
경기도,시흥시,여,80,6463,0.029
경기도,시흥시,여,전체,225878,1
경기도,시흥시,전체,0,46800,0.099
경기도,시흥시,전체,10,49958,0.105
경기도,시흥시,전체,20,66027,0.139
경기도,시흥시,전체,30,73824,0.156
경기도,시흥시,전체,40,86398,0.182
경기도,시흥시,전체,50,83034,0.175
경기도,시흥시,전체,60,40269,0.085
경기도,시흥시,전체,70,18027,0.038
경기도,시흥시,전체,80,9345,0.02
경기도,시흥시,전체,전체,473682,1
경기도,안산시,남,0,23665,0.071
경기도,안산시,남,10,35252,0.106
경기도,안산시,남,20,55951,0.168
경기도,안산시,남,30,46550,0.139
경기도,안산시,남,40,56423,0.169
경기도,안산시,남,50,65133,0.195
경기도,안산시,남,60,33262,0.1
경기도,안산시,남,70,12643,0.038
경기도,안산시,남,80,4887,0.015
경기도,안산시,남,전체,333766,1
경기도,안산시,여,0,22774,0.072
경기도,안산시,여,10,32880,0.104
경기도,안산시,여,20,49168,0.155
경기도,안산시,여,30,39312,0.124
경기도,안산시,여,40,54864,0.173
경기도,안산시,여,50,61006,0.192
경기도,안산시,여,60,30432,0.096
경기도,안산시,여,70,15876,0.05
경기도,안산시,여,80,10840,0.034
경기도,안산시,여,전체,317152,1
경기도,안산시,전체,0,46439,0.071
경기도,안산시,전체,10,68132,0.105
경기도,안산시,전체,20,105119,0.161
경기도,안산시,전체,30,85862,0.132
경기도,안산시,전체,40,111287,0.171
경기도,안산시,전체,50,126139,0.194
경기도,안산시,전체,60,63694,0.098
경기도,안산시,전체,70,28519,0.044
경기도,안산시,전체,80,15727,0.024
경기도,안산시,전체,전체,650918,1
경기도,안산시 단원구,남,0,11435,0.072
경기도,안산시 단원구,남,10,16816,0.106
경기도,안산시 단원구,남,20,25801,0.163
경기도,안산시 단원구,남,30,22915,0.145
경기도,안산시 단원구,남,40,26741,0.169
경기도,안산시 단원구,남,50,30715,0.194
경기도,안산시 단원구,남,60,15900,0.101
경기도,안산시 단원구,남,70,5602,0.035
경기도,안산시 단원구,남,80,2052,0.013
경기도,안산시 단원구,남,전체,157977,1
경기도,안산시 단원구,여,0,11061,0.075
경기도,안산시 단원구,여,10,15611,0.105
경기도,안산시 단원구,여,20,22622,0.153
경기도,안산시 단원구,여,30,19088,0.129
경기도,안산시 단원구,여,40,25844,0.174
경기도,안산시 단원구,여,50,28485,0.192
경기도,안산시 단원구,여,60,14287,0.096
경기도,안산시 단원구,여,70,6693,0.045
경기도,안산시 단원구,여,80,4637,0.031
경기도,안산시 단원구,여,전체,148328,1
경기도,안산시 단원구,전체,0,22496,0.073
경기도,안산시 단원구,전체,10,32427,0.106
경기도,안산시 단원구,전체,20,48423,0.158
경기도,안산시 단원구,전체,30,42003,0.137
경기도,안산시 단원구,전체,40,52585,0.172
경기도,안산시 단원구,전체,50,59200,0.193
경기도,안산시 단원구,전체,60,30187,0.099
경기도,안산시 단원구,전체,70,12295,0.04
경기도,안산시 단원구,전체,80,6689,0.022
경기도,안산시 단원구,전체,전체,306305,1
경기도,안산시 상록구,남,0,12230,0.07
경기도,안산시 상록구,남,10,18436,0.105
경기도,안산시 상록구,남,20,30150,0.172
경기도,안산시 상록구,남,30,23635,0.134
경기도,안산시 상록구,남,40,29682,0.169
경기도,안산시 상록구,남,50,34418,0.196
경기도,안산시 상록구,남,60,17362,0.099
경기도,안산시 상록구,남,70,7041,0.04
경기도,안산시 상록구,남,80,2835,0.016
경기도,안산시 상록구,남,전체,175789,1
경기도,안산시 상록구,여,0,11713,0.069
경기도,안산시 상록구,여,10,17269,0.102
경기도,안산시 상록구,여,20,26546,0.157
경기도,안산시 상록구,여,30,20224,0.12
경기도,안산시 상록구,여,40,29020,0.172
경기도,안산시 상록구,여,50,32521,0.193
경기도,안산시 상록구,여,60,16145,0.096
경기도,안산시 상록구,여,70,9183,0.054
경기도,안산시 상록구,여,80,6203,0.037
경기도,안산시 상록구,여,전체,168824,1
경기도,안산시 상록구,전체,0,23943,0.069
경기도,안산시 상록구,전체,10,35705,0.104
경기도,안산시 상록구,전체,20,56696,0.165
경기도,안산시 상록구,전체,30,43859,0.127
경기도,안산시 상록구,전체,40,58702,0.17
경기도,안산시 상록구,전체,50,66939,0.194
경기도,안산시 상록구,전체,60,33507,0.097
경기도,안산시 상록구,전체,70,16224,0.047
경기도,안산시 상록구,전체,80,9038,0.026
경기도,안산시 상록구,전체,전체,344613,1
경기도,안성시,남,0,7669,0.081
경기도,안성시,남,10,9465,0.1
경기도,안성시,남,20,11801,0.125
경기도,안성시,남,30,12777,0.136
경기도,안성시,남,40,15946,0.169
경기도,안성시,남,50,16271,0.173
경기도,안성시,남,60,11597,0.123
경기도,안성시,남,70,5964,0.063
경기도,안성시,남,80,2737,0.029
경기도,안성시,남,전체,94227,1
경기도,안성시,여,0,7271,0.082
경기도,안성시,여,10,8800,0.099
경기도,안성시,여,20,9655,0.108
경기도,안성시,여,30,10855,0.122
경기도,안성시,여,40,13966,0.157
경기도,안성시,여,50,14561,0.163
경기도,안성시,여,60,11435,0.128
경기도,안성시,여,70,7246,0.081
경기도,안성시,여,80,5389,0.06
경기도,안성시,여,전체,89178,1
경기도,안성시,전체,0,14940,0.081
경기도,안성시,전체,10,18265,0.1
경기도,안성시,전체,20,21456,0.117
경기도,안성시,전체,30,23632,0.129
경기도,안성시,전체,40,29912,0.163
경기도,안성시,전체,50,30832,0.168
경기도,안성시,전체,60,23032,0.126
경기도,안성시,전체,70,13210,0.072
경기도,안성시,전체,80,8126,0.044
경기도,안성시,전체,전체,183405,1
경기도,안양시,남,0,21792,0.078
경기도,안양시,남,10,28836,0.103
경기도,안양시,남,20,42343,0.151
경기도,안양시,남,30,41234,0.147
경기도,안양시,남,40,44942,0.16
경기도,안양시,남,50,49246,0.175
경기도,안양시,남,60,33222,0.118
경기도,안양시,남,70,13880,0.049
경기도,안양시,남,80,5157,0.018
경기도,안양시,남,전체,280652,1
경기도,안양시,여,0,20975,0.073
경기도,안양시,여,10,26936,0.094
경기도,안양시,여,20,39017,0.136
경기도,안양시,여,30,39428,0.138
경기도,안양시,여,40,47021,0.164
경기도,안양시,여,50,51982,0.182
경기도,안양시,여,60,33512,0.117
경기도,안양시,여,70,16866,0.059
경기도,안양시,여,80,10655,0.037
경기도,안양시,여,전체,286392,1
경기도,안양시,전체,0,42767,0.075
경기도,안양시,전체,10,55772,0.098
경기도,안양시,전체,20,81360,0.143
경기도,안양시,전체,30,80662,0.142
경기도,안양시,전체,40,91963,0.162
경기도,안양시,전체,50,101228,0.179
경기도,안양시,전체,60,66734,0.118
경기도,안양시,전체,70,30746,0.054
경기도,안양시,전체,80,15812,0.028
경기도,안양시,전체,전체,567044,1
경기도,안양시 동안구,남,0,13247,0.084
경기도,안양시 동안구,남,10,18423,0.116
경기도,안양시 동안구,남,20,23753,0.15
경기도,안양시 동안구,남,30,23084,0.146
경기도,안양시 동안구,남,40,26333,0.166
경기도,안양시 동안구,남,50,27132,0.171
경기도,안양시 동안구,남,60,17199,0.109
경기도,안양시 동안구,남,70,6592,0.042
경기도,안양시 동안구,남,80,2563,0.016
경기도,안양시 동안구,남,전체,158326,1
경기도,안양시 동안구,여,0,12679,0.077
경기도,안양시 동안구,여,10,17282,0.105
경기도,안양시 동안구,여,20,22041,0.134
경기도,안양시 동안구,여,30,23012,0.14
경기도,안양시 동안구,여,40,29173,0.177
경기도,안양시 동안구,여,50,29158,0.177
경기도,안양시 동안구,여,60,17211,0.105
경기도,안양시 동안구,여,70,8304,0.05
경기도,안양시 동안구,여,80,5623,0.034
경기도,안양시 동안구,여,전체,164483,1
경기도,안양시 동안구,전체,0,25926,0.08
경기도,안양시 동안구,전체,10,35705,0.111
경기도,안양시 동안구,전체,20,45794,0.142
경기도,안양시 동안구,전체,30,46096,0.143
경기도,안양시 동안구,전체,40,55506,0.172
경기도,안양시 동안구,전체,50,56290,0.174
경기도,안양시 동안구,전체,60,34410,0.107
경기도,안양시 동안구,전체,70,14896,0.046
경기도,안양시 동안구,전체,80,8186,0.025
경기도,안양시 동안구,전체,전체,322809,1
경기도,안양시 만안구,남,0,8545,0.07
경기도,안양시 만안구,남,10,10413,0.085
경기도,안양시 만안구,남,20,18590,0.152
경기도,안양시 만안구,남,30,18150,0.148
경기도,안양시 만안구,남,40,18609,0.152
경기도,안양시 만안구,남,50,22114,0.181
경기도,안양시 만안구,남,60,16023,0.131
경기도,안양시 만안구,남,70,7288,0.06
경기도,안양시 만안구,남,80,2594,0.021
경기도,안양시 만안구,남,전체,122326,1
경기도,안양시 만안구,여,0,8296,0.068
경기도,안양시 만안구,여,10,9654,0.079
경기도,안양시 만안구,여,20,16976,0.139
경기도,안양시 만안구,여,30,16416,0.135
경기도,안양시 만안구,여,40,17848,0.146
경기도,안양시 만안구,여,50,22824,0.187
경기도,안양시 만안구,여,60,16301,0.134
경기도,안양시 만안구,여,70,8562,0.07
경기도,안양시 만안구,여,80,5032,0.041
경기도,안양시 만안구,여,전체,121909,1
경기도,안양시 만안구,전체,0,16841,0.069
경기도,안양시 만안구,전체,10,20067,0.082
경기도,안양시 만안구,전체,20,35566,0.146
경기도,안양시 만안구,전체,30,34566,0.142
경기도,안양시 만안구,전체,40,36457,0.149
경기도,안양시 만안구,전체,50,44938,0.184
경기도,안양시 만안구,전체,60,32324,0.132
경기도,안양시 만안구,전체,70,15850,0.065
경기도,안양시 만안구,전체,80,7626,0.031
경기도,안양시 만안구,전체,전체,244235,1
경기도,양주시,남,0,10115,0.09
경기도,양주시,남,10,12252,0.109
경기도,양주시,남,20,14090,0.125
경기도,양주시,남,30,14223,0.126
경기도,양주시,남,40,19857,0.176
경기도,양주시,남,50,19317,0.171
경기도,양주시,남,60,13072,0.116
경기도,양주시,남,70,7197,0.064
경기도,양주시,남,80,2652,0.024
경기도,양주시,남,전체,112775,1
경기도,양주시,여,0,9699,0.089
경기도,양주시,여,10,11680,0.107
경기도,양주시,여,20,12190,0.111
경기도,양주시,여,30,13391,0.122
경기도,양주시,여,40,18726,0.171
경기도,양주시,여,50,17492,0.16
경기도,양주시,여,60,13070,0.119
경기도,양주시,여,70,8423,0.077
경기도,양주시,여,80,4868,0.044
경기도,양주시,여,전체,109539,1
경기도,양주시,전체,0,19814,0.089
경기도,양주시,전체,10,23932,0.108
경기도,양주시,전체,20,26280,0.118
경기도,양주시,전체,30,27614,0.124
경기도,양주시,전체,40,38583,0.174
경기도,양주시,전체,50,36809,0.166
경기도,양주시,전체,60,26142,0.118
경기도,양주시,전체,70,15620,0.07
경기도,양주시,전체,80,7520,0.034
경기도,양주시,전체,전체,222314,1
경기도,양평군,남,0,3899,0.066
경기도,양평군,남,10,5197,0.089
경기도,양평군,남,20,5694,0.097
경기도,양평군,남,30,5651,0.096
경기도,양평군,남,40,8428,0.144
경기도,양평군,남,50,10776,0.184
경기도,양평군,남,60,10401,0.177
경기도,양평군,남,70,6177,0.105
경기도,양평군,남,80,2431,0.041
경기도,양평군,남,전체,58654,1
경기도,양평군,여,0,3721,0.064
경기도,양평군,여,10,4561,0.078
경기도,양평군,여,20,4762,0.082
경기도,양평군,여,30,5567,0.096
경기도,양평군,여,40,7900,0.136
경기도,양평군,여,50,10242,0.176
경기도,양평군,여,60,10563,0.181
경기도,양평군,여,70,6458,0.111
경기도,양평군,여,80,4446,0.076
경기도,양평군,여,전체,58220,1
경기도,양평군,전체,0,7620,0.065
경기도,양평군,전체,10,9758,0.083
경기도,양평군,전체,20,10456,0.089
경기도,양평군,전체,30,11218,0.096
경기도,양평군,전체,40,16328,0.14
경기도,양평군,전체,50,21018,0.18
경기도,양평군,전체,60,20964,0.179
경기도,양평군,전체,70,12635,0.108
경기도,양평군,전체,80,6877,0.059
경기도,양평군,전체,전체,116874,1
경기도,여주시,남,0,4009,0.071
경기도,여주시,남,10,5140,0.091
경기도,여주시,남,20,6569,0.116
경기도,여주시,남,30,6298,0.112
경기도,여주시,남,40,8419,0.149
경기도,여주시,남,50,10567,0.187
경기도,여주시,남,60,8650,0.153
경기도,여주시,남,70,4717,0.084
경기도,여주시,남,80,2058,0.036
경기도,여주시,남,전체,56427,1
경기도,여주시,여,0,3707,0.068
경기도,여주시,여,10,4812,0.088
경기도,여주시,여,20,5498,0.101
경기도,여주시,여,30,5711,0.104
경기도,여주시,여,40,7749,0.142
경기도,여주시,여,50,9636,0.176
경기도,여주시,여,60,8372,0.153
경기도,여주시,여,70,5355,0.098
경기도,여주시,여,80,3816,0.07
경기도,여주시,여,전체,54656,1
경기도,여주시,전체,0,7716,0.069
경기도,여주시,전체,10,9952,0.09
경기도,여주시,전체,20,12067,0.109
경기도,여주시,전체,30,12009,0.108
경기도,여주시,전체,40,16168,0.146
경기도,여주시,전체,50,20203,0.182
경기도,여주시,전체,60,17022,0.153
경기도,여주시,전체,70,10072,0.091
경기도,여주시,전체,80,5874,0.053
경기도,여주시,전체,전체,111083,1
경기도,연천군,남,0,1502,0.065
경기도,연천군,남,10,1789,0.078
경기도,연천군,남,20,3469,0.151
경기도,연천군,남,30,2412,0.105
경기도,연천군,남,40,2797,0.122
경기도,연천군,남,50,3967,0.173
경기도,연천군,남,60,3656,0.159
경기도,연천군,남,70,2270,0.099
경기도,연천군,남,80,1100,0.048
경기도,연천군,남,전체,22962,1
경기도,연천군,여,0,1437,0.069
경기도,연천군,여,10,1540,0.074
경기도,연천군,여,20,1999,0.096
경기도,연천군,여,30,1924,0.092
경기도,연천군,여,40,2284,0.109
경기도,연천군,여,50,3438,0.165
경기도,연천군,여,60,3434,0.165
경기도,연천군,여,70,2818,0.135
경기도,연천군,여,80,1988,0.095
경기도,연천군,여,전체,20862,1
경기도,연천군,전체,0,2939,0.067
경기도,연천군,전체,10,3329,0.076
경기도,연천군,전체,20,5468,0.125
경기도,연천군,전체,30,4336,0.099
경기도,연천군,전체,40,5081,0.116
경기도,연천군,전체,50,7405,0.169
경기도,연천군,전체,60,7090,0.162
경기도,연천군,전체,70,5088,0.116
경기도,연천군,전체,80,3088,0.07
경기도,연천군,전체,전체,43824,1
경기도,오산시,남,0,12933,0.111
경기도,오산시,남,10,12840,0.11
경기도,오산시,남,20,16393,0.14
경기도,오산시,남,30,21433,0.183
경기도,오산시,남,40,22255,0.19
경기도,오산시,남,50,16691,0.143
경기도,오산시,남,60,8831,0.076
경기도,오산시,남,70,4089,0.035
경기도,오산시,남,80,1439,0.012
경기도,오산시,남,전체,116904,1
경기도,오산시,여,0,12330,0.113
경기도,오산시,여,10,12142,0.111
경기도,오산시,여,20,14028,0.128
경기도,오산시,여,30,18670,0.171
경기도,오산시,여,40,19758,0.18
경기도,오산시,여,50,15520,0.142
경기도,오산시,여,60,9105,0.083
경기도,오산시,여,70,5200,0.047
경기도,오산시,여,80,2722,0.025
경기도,오산시,여,전체,109475,1
경기도,오산시,전체,0,25263,0.112
경기도,오산시,전체,10,24982,0.11
경기도,오산시,전체,20,30421,0.134
경기도,오산시,전체,30,40103,0.177
경기도,오산시,전체,40,42013,0.186
경기도,오산시,전체,50,32211,0.142
경기도,오산시,전체,60,17936,0.079
경기도,오산시,전체,70,9289,0.041
경기도,오산시,전체,80,4161,0.018
경기도,오산시,전체,전체,226379,1
경기도,용인시,남,0,53977,0.103
경기도,용인시,남,10,63328,0.12
경기도,용인시,남,20,68483,0.13
경기도,용인시,남,30,73528,0.14
경기도,용인시,남,40,99068,0.188
경기도,용인시,남,50,80605,0.153
경기도,용인시,남,60,46622,0.089
경기도,용인시,남,70,29037,0.055
경기도,용인시,남,80,11298,0.021
경기도,용인시,남,전체,525946,1
경기도,용인시,여,0,51478,0.096
경기도,용인시,여,10,59773,0.112
경기도,용인시,여,20,63770,0.119
경기도,용인시,여,30,75949,0.142
경기도,용인시,여,40,101156,0.19
경기도,용인시,여,50,77287,0.145
경기도,용인시,여,60,52099,0.098
경기도,용인시,여,70,34142,0.064
경기도,용인시,여,80,18009,0.034
경기도,용인시,여,전체,533663,1
경기도,용인시,전체,0,105455,0.1
경기도,용인시,전체,10,123101,0.116
경기도,용인시,전체,20,132253,0.125
경기도,용인시,전체,30,149477,0.141
경기도,용인시,전체,40,200224,0.189
경기도,용인시,전체,50,157892,0.149
경기도,용인시,전체,60,98721,0.093
경기도,용인시,전체,70,63179,0.06
경기도,용인시,전체,80,29307,0.028
경기도,용인시,전체,전체,1059609,1
경기도,용인시 기흥구,남,0,23567,0.109
경기도,용인시 기흥구,남,10,26668,0.124
경기도,용인시 기흥구,남,20,27749,0.129
경기도,용인시 기흥구,남,30,30473,0.141
경기도,용인시 기흥구,남,40,41662,0.193
경기도,용인시 기흥구,남,50,31844,0.148
경기도,용인시 기흥구,남,60,17855,0.083
경기도,용인시 기흥구,남,70,11493,0.053
경기도,용인시 기흥구,남,80,4485,0.021
경기도,용인시 기흥구,남,전체,215796,1
경기도,용인시 기흥구,여,0,22285,0.101
경기도,용인시 기흥구,여,10,25120,0.114
경기도,용인시 기흥구,여,20,26004,0.118
경기도,용인시 기흥구,여,30,32063,0.145
경기도,용인시 기흥구,여,40,43041,0.195
경기도,용인시 기흥구,여,50,31075,0.141
경기도,용인시 기흥구,여,60,20672,0.094
경기도,용인시 기흥구,여,70,13673,0.062
경기도,용인시 기흥구,여,80,6950,0.031
경기도,용인시 기흥구,여,전체,220883,1
경기도,용인시 기흥구,전체,0,45852,0.105
경기도,용인시 기흥구,전체,10,51788,0.119
경기도,용인시 기흥구,전체,20,53753,0.123
경기도,용인시 기흥구,전체,30,62536,0.143
경기도,용인시 기흥구,전체,40,84703,0.194
경기도,용인시 기흥구,전체,50,62919,0.144
경기도,용인시 기흥구,전체,60,38527,0.088
경기도,용인시 기흥구,전체,70,25166,0.058
경기도,용인시 기흥구,전체,80,11435,0.026
경기도,용인시 기흥구,전체,전체,436679,1
경기도,용인시 수지구,남,0,19014,0.106
경기도,용인시 수지구,남,10,23263,0.129
경기도,용인시 수지구,남,20,22813,0.127
경기도,용인시 수지구,남,30,24756,0.137
경기도,용인시 수지구,남,40,34639,0.192
경기도,용인시 수지구,남,50,26679,0.148
경기도,용인시 수지구,남,60,14543,0.081
경기도,용인시 수지구,남,70,10412,0.058
경기도,용인시 수지구,남,80,3997,0.022
경기도,용인시 수지구,남,전체,180116,1
경기도,용인시 수지구,여,0,18263,0.097
경기도,용인시 수지구,여,10,22578,0.12
경기도,용인시 수지구,여,20,22459,0.119
경기도,용인시 수지구,여,30,27304,0.145
경기도,용인시 수지구,여,40,37645,0.199
경기도,용인시 수지구,여,50,25758,0.136
경기도,용인시 수지구,여,60,17107,0.091
경기도,용인시 수지구,여,70,12128,0.064
경기도,용인시 수지구,여,80,5676,0.03
경기도,용인시 수지구,여,전체,188918,1
경기도,용인시 수지구,전체,0,37277,0.101
경기도,용인시 수지구,전체,10,45841,0.124
경기도,용인시 수지구,전체,20,45272,0.123
경기도,용인시 수지구,전체,30,52060,0.141
경기도,용인시 수지구,전체,40,72284,0.196
경기도,용인시 수지구,전체,50,52437,0.142
경기도,용인시 수지구,전체,60,31650,0.086
경기도,용인시 수지구,전체,70,22540,0.061
경기도,용인시 수지구,전체,80,9673,0.026
경기도,용인시 수지구,전체,전체,369034,1
경기도,용인시 처인구,남,0,11396,0.088
경기도,용인시 처인구,남,10,13397,0.103
경기도,용인시 처인구,남,20,17921,0.138
경기도,용인시 처인구,남,30,18299,0.141
경기도,용인시 처인구,남,40,22767,0.175
경기도,용인시 처인구,남,50,22082,0.17
경기도,용인시 처인구,남,60,14224,0.109
경기도,용인시 처인구,남,70,7132,0.055
경기도,용인시 처인구,남,80,2816,0.022
경기도,용인시 처인구,남,전체,130034,1
경기도,용인시 처인구,여,0,10930,0.088
경기도,용인시 처인구,여,10,12075,0.097
경기도,용인시 처인구,여,20,15307,0.124
경기도,용인시 처인구,여,30,16582,0.134
경기도,용인시 처인구,여,40,20470,0.165
경기도,용인시 처인구,여,50,20454,0.165
경기도,용인시 처인구,여,60,14320,0.116
경기도,용인시 처인구,여,70,8341,0.067
경기도,용인시 처인구,여,80,5383,0.043
경기도,용인시 처인구,여,전체,123862,1
경기도,용인시 처인구,전체,0,22326,0.088
경기도,용인시 처인구,전체,10,25472,0.1
경기도,용인시 처인구,전체,20,33228,0.131
경기도,용인시 처인구,전체,30,34881,0.137
경기도,용인시 처인구,전체,40,43237,0.17
경기도,용인시 처인구,전체,50,42536,0.168
경기도,용인시 처인구,전체,60,28544,0.112
경기도,용인시 처인구,전체,70,15473,0.061
경기도,용인시 처인구,전체,80,8199,0.032
경기도,용인시 처인구,전체,전체,253896,1
경기도,의왕시,남,0,6800,0.085
경기도,의왕시,남,10,7797,0.097
경기도,의왕시,남,20,12062,0.15
경기도,의왕시,남,30,11391,0.142
경기도,의왕시,남,40,12297,0.153
경기도,의왕시,남,50,14397,0.179
경기도,의왕시,남,60,9947,0.124
경기도,의왕시,남,70,4092,0.051
경기도,의왕시,남,80,1570,0.02
경기도,의왕시,남,전체,80353,1
경기도,의왕시,여,0,6301,0.078
경기도,의왕시,여,10,7365,0.091
경기도,의왕시,여,20,10670,0.132
경기도,의왕시,여,30,10741,0.133
경기도,의왕시,여,40,12669,0.157
경기도,의왕시,여,50,15242,0.189
경기도,의왕시,여,60,9778,0.121
경기도,의왕시,여,70,4764,0.059
경기도,의왕시,여,80,3270,0.04
경기도,의왕시,여,전체,80800,1
경기도,의왕시,전체,0,13101,0.081
경기도,의왕시,전체,10,15162,0.094
경기도,의왕시,전체,20,22732,0.141
경기도,의왕시,전체,30,22132,0.137
경기도,의왕시,전체,40,24966,0.155
경기도,의왕시,전체,50,29639,0.184
경기도,의왕시,전체,60,19725,0.122
경기도,의왕시,전체,70,8856,0.055
경기도,의왕시,전체,80,4840,0.03
경기도,의왕시,전체,전체,161153,1
경기도,의정부시,남,0,18201,0.082
경기도,의정부시,남,10,22577,0.101
경기도,의정부시,남,20,31936,0.143
경기도,의정부시,남,30,30363,0.136
경기도,의정부시,남,40,37236,0.167
경기도,의정부시,남,50,38850,0.175
경기도,의정부시,남,60,25084,0.113
경기도,의정부시,남,70,13194,0.059
경기도,의정부시,남,80,5149,0.023
경기도,의정부시,남,전체,222590,1
경기도,의정부시,여,0,17072,0.074
경기도,의정부시,여,10,21278,0.093
경기도,의정부시,여,20,30576,0.133
경기도,의정부시,여,30,29410,0.128
경기도,의정부시,여,40,37394,0.163
경기도,의정부시,여,50,39923,0.174
경기도,의정부시,여,60,27005,0.118
경기도,의정부시,여,70,17021,0.074
경기도,의정부시,여,80,9599,0.042
경기도,의정부시,여,전체,229278,1
경기도,의정부시,전체,0,35273,0.078
경기도,의정부시,전체,10,43855,0.097
경기도,의정부시,전체,20,62512,0.138
경기도,의정부시,전체,30,59773,0.132
경기도,의정부시,전체,40,74630,0.165
경기도,의정부시,전체,50,78773,0.174
경기도,의정부시,전체,60,52089,0.115
경기도,의정부시,전체,70,30215,0.067
경기도,의정부시,전체,80,14748,0.033
경기도,의정부시,전체,전체,451868,1
경기도,이천시,남,0,10338,0.093
경기도,이천시,남,10,11794,0.106
경기도,이천시,남,20,16202,0.146
경기도,이천시,남,30,16377,0.147
경기도,이천시,남,40,17995,0.162
경기도,이천시,남,50,18052,0.162
경기도,이천시,남,60,12074,0.109
경기도,이천시,남,70,5865,0.053
경기도,이천시,남,80,2547,0.023
경기도,이천시,남,전체,111244,1
경기도,이천시,여,0,9659,0.092
경기도,이천시,여,10,10884,0.104
경기도,이천시,여,20,12586,0.12
경기도,이천시,여,30,14487,0.139
경기도,이천시,여,40,16851,0.161
경기도,이천시,여,50,16881,0.161
경기도,이천시,여,60,11567,0.111
경기도,이천시,여,70,6893,0.066
경기도,이천시,여,80,4782,0.046
경기도,이천시,여,전체,104590,1
경기도,이천시,전체,0,19997,0.093
경기도,이천시,전체,10,22678,0.105
경기도,이천시,전체,20,28788,0.133
경기도,이천시,전체,30,30864,0.143
경기도,이천시,전체,40,34846,0.161
경기도,이천시,전체,50,34933,0.162
경기도,이천시,전체,60,23641,0.11
경기도,이천시,전체,70,12758,0.059
경기도,이천시,전체,80,7329,0.034
경기도,이천시,전체,전체,215834,1
경기도,파주시,남,0,23090,0.1
경기도,파주시,남,10,25130,0.109
경기도,파주시,남,20,29055,0.126
경기도,파주시,남,30,36144,0.157
경기도,파주시,남,40,40728,0.177
경기도,파주시,남,50,36514,0.158
경기도,파주시,남,60,22173,0.096
경기도,파주시,남,70,12331,0.054
경기도,파주시,남,80,5296,0.023
경기도,파주시,남,전체,230461,1
경기도,파주시,여,0,22260,0.1
경기도,파주시,여,10,23490,0.105
경기도,파주시,여,20,26222,0.117
경기도,파주시,여,30,31675,0.142
경기도,파주시,여,40,38406,0.172
경기도,파주시,여,50,33108,0.148
경기도,파주시,여,60,22851,0.102
경기도,파주시,여,70,15755,0.07
경기도,파주시,여,80,9812,0.044
경기도,파주시,여,전체,223579,1
경기도,파주시,전체,0,45350,0.1
경기도,파주시,전체,10,48620,0.107
경기도,파주시,전체,20,55277,0.122
경기도,파주시,전체,30,67819,0.149
경기도,파주시,전체,40,79134,0.174
경기도,파주시,전체,50,69622,0.153
경기도,파주시,전체,60,45024,0.099
경기도,파주시,전체,70,28086,0.062
경기도,파주시,전체,80,15108,0.033
경기도,파주시,전체,전체,454040,1
경기도,평택시,남,0,24714,0.094
경기도,평택시,남,10,27397,0.104
경기도,평택시,남,20,37615,0.142
경기도,평택시,남,30,41391,0.157
경기도,평택시,남,40,47595,0.18
경기도,평택시,남,50,43638,0.165
경기도,평택시,남,60,24528,0.093
경기도,평택시,남,70,11998,0.045
경기도,평택시,남,80,5136,0.019
경기도,평택시,남,전체,264012,1
경기도,평택시,여,0,23529,0.094
경기도,평택시,여,10,25681,0.103
경기도,평택시,여,20,31323,0.126
경기도,평택시,여,30,35412,0.142
경기도,평택시,여,40,42500,0.171
경기도,평택시,여,50,39824,0.16
경기도,평택시,여,60,25089,0.101
경기도,평택시,여,70,15552,0.062
경기도,평택시,여,80,10105,0.041
경기도,평택시,여,전체,249015,1
경기도,평택시,전체,0,48243,0.094
경기도,평택시,전체,10,53078,0.103
경기도,평택시,전체,20,68938,0.134
경기도,평택시,전체,30,76803,0.15
경기도,평택시,전체,40,90095,0.176
경기도,평택시,전체,50,83462,0.163
경기도,평택시,전체,60,49617,0.097
경기도,평택시,전체,70,27550,0.054
경기도,평택시,전체,80,15241,0.03
경기도,평택시,전체,전체,513027,1
경기도,포천시,남,0,4826,0.062
경기도,포천시,남,10,6883,0.088
경기도,포천시,남,20,10260,0.131
경기도,포천시,남,30,8290,0.106
경기도,포천시,남,40,11544,0.148
경기도,포천시,남,50,16338,0.209
경기도,포천시,남,60,11999,0.153
경기도,포천시,남,70,5662,0.072
경기도,포천시,남,80,2429,0.031
경기도,포천시,남,전체,78231,1
경기도,포천시,여,0,4492,0.064
경기도,포천시,여,10,6272,0.089
경기도,포천시,여,20,7632,0.109
경기도,포천시,여,30,6749,0.096
경기도,포천시,여,40,9915,0.141
경기도,포천시,여,50,13423,0.191
경기도,포천시,여,60,10286,0.147
경기도,포천시,여,70,6726,0.096
경기도,포천시,여,80,4653,0.066
경기도,포천시,여,전체,70148,1
경기도,포천시,전체,0,9318,0.063
경기도,포천시,전체,10,13155,0.089
경기도,포천시,전체,20,17892,0.121
경기도,포천시,전체,30,15039,0.101
경기도,포천시,전체,40,21459,0.145
경기도,포천시,전체,50,29761,0.201
경기도,포천시,전체,60,22285,0.15
경기도,포천시,전체,70,12388,0.083
경기도,포천시,전체,80,7082,0.048
경기도,포천시,전체,전체,148379,1
경기도,하남시,남,0,15178,0.111
경기도,하남시,남,10,12087,0.088
경기도,하남시,남,20,16697,0.122
경기도,하남시,남,30,23583,0.172
경기도,하남시,남,40,24723,0.18
경기도,하남시,남,50,19906,0.145
경기도,하남시,남,60,15469,0.113
경기도,하남시,남,70,7320,0.053
경기도,하남시,남,80,2022,0.015
경기도,하남시,남,전체,136985,1
경기도,하남시,여,0,14469,0.107
경기도,하남시,여,10,11545,0.085
경기도,하남시,여,20,15553,0.115
경기도,하남시,여,30,23254,0.172
경기도,하남시,여,40,22341,0.165
경기도,하남시,여,50,20527,0.152
경기도,하남시,여,60,16240,0.12
경기도,하남시,여,70,7358,0.054
경기도,하남시,여,80,4183,0.031
경기도,하남시,여,전체,135470,1
경기도,하남시,전체,0,29647,0.109
경기도,하남시,전체,10,23632,0.087
경기도,하남시,전체,20,32250,0.118
경기도,하남시,전체,30,46837,0.172
경기도,하남시,전체,40,47064,0.173
경기도,하남시,전체,50,40433,0.148
경기도,하남시,전체,60,31709,0.116
경기도,하남시,전체,70,14678,0.054
경기도,하남시,전체,80,6205,0.023
경기도,하남시,전체,전체,272455,1
경기도,화성시,남,0,54027,0.128
경기도,화성시,남,10,47386,0.112
경기도,화성시,남,20,52066,0.123
경기도,화성시,남,30,77696,0.184
경기도,화성시,남,40,83006,0.196
경기도,화성시,남,50,57863,0.137
경기도,화성시,남,60,31266,0.074
경기도,화성시,남,70,13983,0.033
경기도,화성시,남,80,5177,0.012
경기도,화성시,남,전체,422470,1
경기도,화성시,여,0,51582,0.131
경기도,화성시,여,10,45334,0.115
경기도,화성시,여,20,44806,0.114
경기도,화성시,여,30,72265,0.184
경기도,화성시,여,40,71880,0.183
경기도,화성시,여,50,50033,0.127
경기도,화성시,여,60,30609,0.078
경기도,화성시,여,70,16122,0.041
경기도,화성시,여,80,10295,0.026
경기도,화성시,여,전체,392926,1
경기도,화성시,전체,0,105609,0.13
경기도,화성시,전체,10,92720,0.114
경기도,화성시,전체,20,96872,0.119
경기도,화성시,전체,30,149961,0.184
경기도,화성시,전체,40,154886,0.19
경기도,화성시,전체,50,107896,0.132
경기도,화성시,전체,60,61875,0.076
경기도,화성시,전체,70,30105,0.037
경기도,화성시,전체,80,15472,0.019
경기도,화성시,전체,전체,815396,1
